Customer ID,Customer Name,Segment,Country,City,State,Postal Code,Region,Age
CG-12520,Claire Gute,Consumer,United States,,Kentucky,42420,South,47.0
DV-13045,Darrin Van Huff,Corporate,United States,Los Angeles,California,90036,West,
SO-20335,Sean O'Donnell,Consumer,United States,Fort Lauderdale,Florida,33311,South,18.0
BH-11710,Brosina Hoffman,Consumer,United States,Los Angeles,California,90032,West,32.0
AA-10480,Andrew Allen,Consumer,United States,Concord,North Carolina,28027,South,
IM-15070,Irene Maddox,Consumer,United States,Seattle,Washington,98103,West,25.0
HP-14815,Harold Pawlan,Home Office,United States,Fort Worth,Texas,76106,Central,27.0
PK-19075,Pete Kriz,Consumer,United States,Madison,Wisconsin,53711,Central,29.0
AG-10270,Alejandro Grove,Consumer,United States,West Jordan,Utah,84084,West,31.0
ZD-21925,Zuschuss Donatelli,Consumer,United States,San Francisco,California,94109,West,
KB-16585,Ken Black,Corporate,United States,Fremont,Nebraska,68025,Central,26.0
SF-20065,Sandra Flanagan,Consumer,United States,Philadelphia,Pennsylvania,19140,East,
EB-13870,Emily Burns,Consumer,United States,Orem,Utah,84057,West,41.0
EH-13945,Eric Hoffmann,Consumer,United States,Los Angeles,California,90049,West,50.0
TB-21520,Tracy Blumstein,Consumer,United States,Philadelphia,Pennsylvania,19140,East,34.0
MA-17560,Matt Abelman,Home Office,United States,Houston,Texas,77095,Central,30.0
GH-14485,Gene Hale,Corporate,United States,Richardson,Texas,75080,Central,59.0
SN-20710,Steve Nguyen,Home Office,United States,Houston,Texas,77041,Central,41.0
LC-16930,Linda Cazamias,Corporate,United States,Naperville,Illinois,60540,Central,29.0
RA-19885,Ruben Ausman,Corporate,United States,Los Angeles,California,90049,West,98.0
ES-14080,Erin Smith,Corporate,United States,,Florida,32935,South,36.0
ON-18715,Odella Nelson,Corporate,United States,Eagan,Minnesota,55122,Central,42.0
PO-18865,Patrick O'Donnell,Consumer,United States,Westland,Michigan,48185,Central,32.0
LH-16900,Lena Hernandez,Consumer,United States,Dover,Delaware,19901,East,37.0
DP-13000,Darren Powers,Consumer,United States,New Albany,Indiana,47150,Central,
JM-15265,Janet Molinari,Corporate,United States,New York City,New York,10024,East,29.0
TB-21055,Ted Butterfield,Consumer,United States,Troy,New York,12180,East,28.0
KM-16720,Kunst Miller,Consumer,United States,Los Angeles,California,90004,West,30.0
PS-18970,Paul Stevenson,Home Office,United States,Chicago,Illinois,60610,Central,
BS-11590,Brendan Sweed,Corporate,United States,Gilbert,Arizona,85234,West,17.0
KD-16270,Karen Daniels,Consumer,United States,Springfield,Virginia,22153,South,24.0
HM-14980,Henry MacAllister,Consumer,United States,New York City,New York,10009,East,
JE-15745,Joel Eaton,Consumer,United States,Memphis,Tennessee,38109,South,24.0
KB-16600,Ken Brennan,Corporate,United States,Houston,Texas,77041,Central,47.0
SC-20770,Stewart Carmichael,Corporate,United States,Decatur,Alabama,35601,South,
DN-13690,Duane Noonan,Consumer,United States,San Francisco,California,94122,West,
JC-16105,Julie Creighton,Corporate,United States,Durham,North Carolina,27707,South,32.0
CS-12400,Christopher Schild,Home Office,United States,Chicago,Illinois,60623,Central,33.0
PG-18895,Paul Gonzalez,Consumer,United States,Rochester,Minnesota,55901,Central,33.0
GM-14455,Gary Mitchum,Home Office,United States,Houston,Texas,77095,Central,34.0
JS-15685,Jim Sink,Corporate,United States,,California,90036,West,11.0
KB-16315,Karl Braun,Consumer,United States,Minneapolis,Minnesota,55407,Central,51.0
RB-19705,Roger Barcio,Home Office,United States,Portland,Oregon,97206,West,
PN-18775,Parhena Norris,Home Office,United States,New York City,New York,10009,East,56.0
KD-16345,Katherine Ducich,Consumer,United States,San Francisco,California,94122,West,44.0
ER-13855,Elpida Rittenbach,Corporate,United States,Saint Paul,Minnesota,55106,Central,42.0
RB-19465,Rick Bensley,Home Office,United States,Chicago,Illinois,60610,Central,
GZ-14470,Gary Zandusky,Consumer,United States,Rochester,Minnesota,55901,Central,47.0
LC-16870,Lena Cacioppo,Consumer,United States,Aurora,Colorado,80013,West,99.0
JM-15250,Janet Martin,Consumer,United States,,North Carolina,28205,South,44.0
PA-19060,Pete Armstrong,Home Office,United States,Orland Park,Illinois,60462,Central,48.0
CV-12805,Cynthia Voltz,Corporate,United States,New York City,New York,10035,East,35.0
CL-12565,Clay Ludtke,Consumer,United States,Urbandale,Iowa,50322,Central,
RC-19960,Ryan Crowe,Consumer,United States,,Ohio,43229,East,21.0
DK-13090,Dave Kipp,Consumer,United States,Seattle,Washington,98103,West,18.0
GG-14650,Greg Guthrie,Corporate,United States,Bristol,Tennessee,37620,South,41.0
SC-20725,Steven Cartwright,Consumer,United States,Wilmington,Delaware,19805,East,19.0
AD-10180,Alan Dominguez,Home Office,United States,Houston,Texas,77041,Central,31.0
PF-19165,Philip Fox,Consumer,United States,Bloomington,Illinois,61701,Central,
TS-21610,Troy Staebel,Consumer,United States,Phoenix,Arizona,85023,West,45.0
LS-16975,Lindsay Shagiari,Home Office,United States,Los Angeles,California,90004,West,99.0
DW-13585,Dorothy Wardle,Corporate,United States,Columbus,Ohio,43229,East,38.0
LC-16885,Lena Creighton,Consumer,United States,Roseville,California,95661,West,
JD-15895,Jonathan Doherty,Corporate,United States,,Pennsylvania,19140,East,47.0
SH-19975,Sally Hughsby,Corporate,United States,San Francisco,California,94122,West,48.0
SG-20080,Sandra Glassco,Consumer,United States,Independence,Missouri,64055,Central,29.0
HA-14920,Helen Andreada,Consumer,United States,Pasadena,California,91104,West,
MG-17680,Maureen Gastineau,Home Office,United States,Newark,Ohio,43055,East,35.0
JE-16165,Justin Ellison,Corporate,United States,Franklin,Wisconsin,53132,Central,
TW-21025,Tamara Willingham,Home Office,United States,Scottsdale,Arizona,85254,West,33.0
SP-20650,Stephanie Phelps,Corporate,United States,San Jose,California,95123,West,29.0
NK-18490,Neil Knudson,Home Office,United States,Seattle,Washington,98105,West,10.0
DB-13060,Dave Brooks,Consumer,United States,Seattle,Washington,98115,West,61.0
NP-18670,Nora Paige,Consumer,United States,Edmond,Oklahoma,73034,Central,
TT-21070,Ted Trevino,Consumer,United States,Los Angeles,California,90045,West,28.0
EM-13960,Eric Murdock,Consumer,United States,Philadelphia,Pennsylvania,19134,East,39.0
RD-19900,Ruben Dartt,Consumer,United States,Carlsbad,New Mexico,88220,West,28.0
MJ-17740,Max Jones,Consumer,United States,Seattle,Washington,98115,West,43.0
BM-11140,Becky Martin,Consumer,United States,San Antonio,Texas,78207,Central,
CS-12130,Chad Sievert,Consumer,United States,Los Angeles,California,90004,West,42.0
JB-15400,Jennifer Braxton,Corporate,United States,Chicago,Illinois,60623,Central,35.0
SJ-20500,Shirley Jackson,Consumer,United States,Houston,Texas,77036,Central,98.0
JK-15640,Jim Kriz,Home Office,United States,New York City,New York,10009,East,27.0
DK-13150,David Kendrick,Corporate,United States,Decatur,Illinois,62521,Central,40.0
RM-19675,Robert Marley,Home Office,United States,Monroe,Louisiana,71203,South,30.0
SK-19990,Sally Knutson,Consumer,United States,Fairfield,Connecticut,6824,East,
FM-14290,Frank Merwin,Home Office,United States,Los Angeles,California,90032,West,
AM-10360,Alice McCarthy,Corporate,United States,Grand Prairie,Texas,75051,Central,33.0
MP-17470,Mark Packer,Home Office,United States,New York City,New York,10035,East,31.0
MZ-17515,Mary Zewe,Corporate,United States,Redlands,California,92374,West,
CB-12025,Cassandra Brandow,Consumer,United States,Hamilton,Ohio,45011,East,29.0
VM-21685,Valerie Mitchum,Home Office,United States,Westfield,New Jersey,7090,East,28.0
FH-14365,Fred Hopkins,Corporate,United States,Philadelphia,Pennsylvania,19120,East,30.0
MB-17305,Maria Bertelson,Consumer,United States,,Ohio,44312,East,36.0
BS-11755,Bruce Stewart,Consumer,United States,Denver,Colorado,80219,West,37.0
LC-17140,Logan Currie,Consumer,United States,,Texas,75220,Central,
HK-14890,Heather Kirkland,Corporate,United States,Franklin,Tennessee,37064,South,36.0
LE-16810,Laurel Elliston,Consumer,United States,Whittier,California,90604,West,33.0
JH-15985,Joseph Holt,Consumer,United States,Saginaw,Michigan,48601,Central,36.0
MS-17980,Michael Stewart,Corporate,United States,Dallas,Texas,75220,Central,29.0
VW-21775,Victoria Wilson,Corporate,United States,Medina,Ohio,44256,East,
JH-15910,Jonathan Howell,Consumer,United States,Los Angeles,California,90032,West,32.0
JB-15925,Joni Blumstein,Consumer,United States,Dublin,Ohio,43017,East,34.0
DS-13180,David Smith,Corporate,United States,Detroit,Michigan,48227,Central,18.0
VD-21670,Valerie Dominguez,Consumer,United States,Columbia,Tennessee,38401,South,22.0
EA-14035,Erin Ashbrook,Corporate,United States,Charlotte,North Carolina,28205,South,43.0
DB-13120,David Bremer,Corporate,United States,Santa Clara,California,95051,West,
KL-16645,Ken Lonsdale,Consumer,United States,Chicago,Illinois,60610,Central,99.0
DW-13480,Dianna Wilson,Home Office,United States,Lakeville,Minnesota,55044,Central,47.0
LH-17155,Logan Haushalter,Consumer,United States,,California,94109,West,16.0
KC-16540,Kelly Collister,Consumer,United States,San Diego,California,92037,West,36.0
DL-13315,Delfina Latchford,Consumer,United States,New York City,New York,10024,East,25.0
DR-12880,Dan Reichenbach,Corporate,United States,,Illinois,60623,Central,33.0
CC-12670,Craig Carreira,Consumer,United States,New York City,New York,10009,East,55.0
Dl-13600,Dorris liebe,Corporate,United States,Pasadena,Texas,77506,Central,28.0
SB-20290,Sean Braxton,Corporate,United States,Houston,Texas,77036,Central,46.0
RC-19825,Roy Collins,Consumer,United States,Chicago,Illinois,60610,Central,42.0
AH-10210,Alan Hwang,Consumer,United States,Brentwood,California,94513,West,37.0
CB-12535,Claudia Bergmann,Corporate,United States,Chapel Hill,North Carolina,27514,South,33.0
CA-12310,Christine Abelman,Corporate,United States,Cincinnati,Ohio,45231,East,32.0
KH-16690,Kristen Hastings,Corporate,United States,San Francisco,California,94110,West,38.0
BB-10990,Barry Blumstein,Corporate,United States,Inglewood,California,90301,West,100.0
AG-10495,Andrew Gjertsen,Corporate,United States,Philadelphia,Pennsylvania,19140,East,52.0
JO-15280,Jas O'Carroll,Consumer,United States,Los Angeles,California,90004,West,44.0
AH-10195,Alan Haines,Corporate,United States,Tamarac,Florida,33319,South,37.0
NZ-18565,Nick Zandusky,Home Office,United States,Columbus,Ohio,43229,East,48.0
KL-16555,Kelly Lampkin,Corporate,United States,Colorado Springs,Colorado,80906,West,
AS-10225,Alan Schoenberger,Corporate,United States,New York City,New York,10024,East,87.0
CR-12625,Corey Roper,Home Office,United States,Lakewood,New Jersey,8701,East,39.0
SH-20395,Shahid Hopkins,Consumer,United States,Arlington,Virginia,22204,South,32.0
BP-11185,Ben Peterman,Corporate,United States,Arvada,Colorado,80004,West,33.0
TS-21205,Thomas Seio,Corporate,United States,Hackensack,New Jersey,7601,East,24.0
AG-10525,Andy Gerbode,Corporate,United States,Saint Petersburg,Florida,33710,South,10.0
SP-20860,Sung Pak,Corporate,United States,Philadelphia,Pennsylvania,19143,East,34.0
NM-18445,Nathan Mautz,Home Office,United States,New York City,New York,10024,East,19.0
FA-14230,Frank Atkinson,Corporate,United States,Long Beach,California,90805,West,38.0
GK-14620,Grace Kelly,Corporate,United States,,California,92345,West,41.0
DJ-13510,Don Jones,Corporate,United States,Murfreesboro,Tennessee,37130,South,46.0
PO-18850,Patrick O'Brill,Consumer,United States,Philadelphia,Pennsylvania,19143,East,22.0
JL-15850,John Lucas,Consumer,United States,Philadelphia,Pennsylvania,19134,East,98.0
DB-13615,Doug Bickford,Consumer,United States,Los Angeles,California,90045,West,
AC-10420,Alyssa Crouse,Corporate,United States,San Francisco,California,94122,West,39.0
CC-12550,Clay Cheatham,Consumer,United States,San Francisco,California,94122,West,
TD-20995,Tamara Dahlen,Consumer,United States,Lowell,Massachusetts,1852,East,32.0
AB-10060,Adam Bellavance,Home Office,United States,New York City,New York,10009,East,45.0
JL-15505,Jeremy Lonsdale,Consumer,United States,New York City,New York,10035,East,41.0
VB-21745,Victoria Brennan,Corporate,United States,Columbus,Georgia,31907,South,32.0
KW-16435,Katrina Willman,Consumer,United States,New York City,New York,10009,East,10.0
JD-16060,Julia Dunbar,Consumer,United States,San Francisco,California,94109,West,34.0
MK-17905,Michael Kennedy,Corporate,United States,Manchester,Connecticut,6040,East,34.0
GT-14755,Guy Thornton,Consumer,United States,,Texas,78550,Central,32.0
AG-10900,Arthur Gainer,Consumer,United States,Tucson,Arizona,85705,West,45.0
MM-18280,Muhammed MacIntyre,Corporate,United States,Quincy,Illinois,62301,Central,33.0
AR-10405,Allen Rosenblatt,Corporate,United States,Franklin,Massachusetts,2038,East,38.0
RA-19915,Russell Applegate,Consumer,United States,Houston,Texas,77095,Central,
AS-10285,Alejandro Savely,Corporate,United States,San Francisco,California,94109,West,96.0
LA-16780,Laura Armstrong,Corporate,United States,Taylor,Michigan,48180,Central,100.0
DO-13435,Denny Ordway,Consumer,United States,Pembroke Pines,Florida,33024,South,10.0
DK-13225,Dean Katz,Corporate,United States,Philadelphia,Pennsylvania,19140,East,18.0
NG-18430,Nathan Gelder,Consumer,United States,Cincinnati,Ohio,45231,East,
MV-18190,Mike Vittorini,Consumer,United States,New York City,New York,10009,East,41.0
JG-15115,Jack Garza,Consumer,United States,Des Moines,Washington,98198,West,
BP-11095,Bart Pistole,Corporate,United States,,Illinois,61604,Central,47.0
VP-21730,Victor Preis,Home Office,United States,Las Vegas,Nevada,89115,West,24.0
SS-20140,Saphhira Shifley,Corporate,United States,Warwick,Rhode Island,2886,East,46.0
AG-10675,Anna Gayman,Consumer,United States,Houston,Texas,77036,Central,30.0
LF-17185,Luke Foster,Consumer,United States,Miami,Florida,33180,South,37.0
RF-19840,Roy Französisch,Consumer,United States,New York City,New York,10024,East,
KH-16510,Keith Herrera,Consumer,United States,San Francisco,California,94110,West,96.0
KC-16675,Kimberly Carter,Corporate,United States,Seattle,Washington,98105,West,
CJ-12010,Caroline Jumper,Consumer,United States,Huntington Beach,California,92646,West,39.0
PB-19150,Philip Brown,Consumer,United States,Los Angeles,California,90004,West,24.0
MP-17965,Michael Paige,Corporate,United States,,Massachusetts,1841,East,100.0
NF-18385,Natalie Fritzler,Consumer,United States,Jackson,Mississippi,39212,South,47.0
SD-20485,Shirley Daniels,Home Office,United States,New Rochelle,New York,10801,East,
KH-16630,Ken Heidel,Corporate,United States,San Antonio,Texas,78207,Central,35.0
RB-19795,Ross Baird,Home Office,United States,Gastonia,North Carolina,28052,South,47.0
MK-18160,Mike Kennedy,Consumer,United States,Jacksonville,Florida,32216,South,29.0
PO-19180,Philisse Overcash,Home Office,United States,Chicago,Illinois,60623,Central,32.0
BB-11545,Brenda Bowman,Corporate,United States,Houston,Texas,77070,Central,44.0
TB-21595,Troy Blackwell,Consumer,United States,Columbus,Indiana,47201,Central,31.0
RB-19360,Raymond Buch,Consumer,United States,,New York,13021,East,17.0
EB-13705,Ed Braxton,Corporate,United States,Akron,Ohio,44312,East,31.0
SC-20095,Sanjit Chand,Consumer,United States,Concord,California,94521,West,45.0
TN-21040,Tanja Norvell,Home Office,United States,Phoenix,Arizona,85023,West,
JS-15940,Joni Sundaresam,Home Office,United States,Park Ridge,Illinois,60068,Central,
MH-17785,Maya Herman,Corporate,United States,Lindenhurst,New York,11757,East,
JP-15520,Jeremy Pistek,Consumer,United States,San Francisco,California,94110,West,38.0
JE-15475,Jeremy Ellison,Consumer,United States,Troy,New York,12180,East,
JG-15805,John Grady,Corporate,United States,,New York,10024,East,32.0
XP-21865,Xylona Preis,Consumer,United States,San Diego,California,92024,West,100.0
EM-14065,Erin Mull,Consumer,United States,New York City,New York,10024,East,23.0
MT-18070,Michelle Tran,Home Office,United States,Los Angeles,California,90045,West,
SA-20830,Sue Ann Reed,Consumer,United States,Chicago,Illinois,60610,Central,29.0
CW-11905,Carl Weiss,Home Office,United States,,Texas,77340,Central,33.0
AJ-10960,Astrea Jones,Consumer,United States,Rochester,New York,14609,East,
SS-20590,Sonia Sunley,Consumer,United States,Seattle,Washington,98115,West,40.0
RO-19780,Rose O'Brian,Consumer,United States,Memphis,Tennessee,38109,South,47.0
MD-17350,Maribeth Dona,Consumer,United States,Fayetteville,Arkansas,72701,South,50.0
MY-17380,Maribeth Yedwab,Corporate,United States,Parker,Colorado,80134,West,23.0
CM-12385,Christopher Martinez,Consumer,United States,Atlanta,Georgia,30318,South,30.0
LS-17245,Lynn Smith,Consumer,United States,Gladstone,Missouri,64118,Central,21.0
BN-11515,Bradley Nguyen,Consumer,United States,Los Angeles,California,90049,West,96.0
DB-13210,Dean Braden,Consumer,United States,,Texas,77041,Central,98.0
MC-17605,Matt Connell,Corporate,United States,Detroit,Michigan,48234,Central,34.0
BD-11605,Brian Dahlen,Consumer,United States,Lawrence,Massachusetts,1841,East,37.0
PH-18790,Patricia Hirasaki,Home Office,United States,Lakeland,Florida,33801,South,34.0
MG-18145,Mike Gockenbach,Consumer,United States,Philadelphia,Pennsylvania,19134,East,36.0
KB-16240,Karen Bern,Corporate,United States,Los Angeles,California,90036,West,33.0
JC-15340,Jasper Cacioppo,Consumer,United States,Los Angeles,California,90032,West,32.0
RL-19615,Rob Lucas,Consumer,United States,Montgomery,Alabama,36116,South,87.0
AA-10375,Allen Armold,Consumer,United States,Mesa,Arizona,85204,West,42.0
EP-13915,Emily Phan,Consumer,United States,Chicago,Illinois,60653,Central,36.0
DK-12985,Darren Koutras,Consumer,United States,Henderson,Kentucky,42420,South,
BD-11500,Bradley Drucker,Consumer,United States,Green Bay,Wisconsin,54302,Central,54.0
LM-17065,Liz MacKendrick,Consumer,United States,Springfield,Ohio,45503,East,44.0
AS-10135,Adrian Shami,Home Office,United States,New York City,New York,10035,East,20.0
BD-11320,Bill Donatelli,Consumer,United States,San Francisco,California,94110,West,51.0
GT-14710,Greg Tran,Consumer,United States,Houston,Texas,77070,Central,98.0
AJ-10945,Ashley Jarboe,Consumer,United States,Wilmington,North Carolina,28403,South,34.0
OT-18730,Olvera Toch,Consumer,United States,Los Angeles,California,90045,West,25.0
LP-17080,Liz Pelletier,Consumer,United States,San Francisco,California,94110,West,25.0
CA-12775,Cynthia Arntzen,Consumer,United States,Tampa,Florida,33614,South,35.0
JF-15490,Jeremy Farry,Consumer,United States,Seattle,Washington,98105,West,38.0
FP-14320,Frank Preis,Consumer,United States,Los Angeles,California,90008,West,22.0
EB-13840,Ellis Ballard,Corporate,United States,Seattle,Washington,98105,West,34.0
JF-15415,Jennifer Ferguson,Consumer,United States,New York City,New York,10024,East,36.0
SF-20200,Sarah Foster,Consumer,United States,Marysville,Washington,98270,West,30.0
TG-21640,Trudy Glocke,Consumer,United States,Long Beach,California,90805,West,
CS-11950,Carlos Soltero,Consumer,United States,,Illinois,60610,Central,37.0
CC-12145,Charles Crestani,Consumer,United States,Los Angeles,California,90004,West,40.0
DV-13465,Dianna Vittorini,Consumer,United States,Denver,Colorado,80219,West,32.0
BD-11725,Bruce Degenhardt,Consumer,United States,Richmond,Kentucky,40475,South,22.0
ZC-21910,Zuschuss Carroll,Consumer,United States,,Oregon,97301,West,18.0
MS-17830,Melanie Seite,Consumer,United States,Laredo,Texas,78041,Central,17.0
LR-16915,Lena Radford,Consumer,United States,San Diego,California,92024,West,44.0
TP-21130,Theone Pippenger,Consumer,United States,Philadelphia,Pennsylvania,19134,East,45.0
CK-12205,Chloris Kastensmidt,Consumer,United States,Philadelphia,Pennsylvania,19120,East,34.0
AS-10240,Alan Shonely,Consumer,United States,Tampa,Florida,33614,South,
AR-10510,Andrew Roberts,Consumer,United States,Philadelphia,Pennsylvania,19134,East,
NB-18655,Nona Balk,Corporate,United States,Dallas,Texas,75217,Central,38.0
GD-14590,Giulietta Dortch,Corporate,United States,Philadelphia,Pennsylvania,19143,East,38.0
CK-12595,Clytie Kelty,Consumer,United States,Grove City,Ohio,43123,East,39.0
NG-18355,Nat Gilpin,Corporate,United States,New York City,New York,10011,East,38.0
CA-12265,Christina Anderson,Consumer,United States,Chicago,Illinois,60610,Central,23.0
SF-20965,Sylvia Foulston,Corporate,United States,Dearborn,Michigan,48126,Central,29.0
MO-17800,Meg O'Connel,Home Office,United States,New York City,New York,10009,East,
AT-10735,Annie Thurman,Consumer,United States,Seattle,Washington,98115,West,
FM-14380,Fred McMath,Consumer,United States,Aurora,Colorado,80013,West,42.0
DJ-13420,Denny Joy,Corporate,United States,Warner Robins,Georgia,31088,South,41.0
ME-17725,Max Engle,Consumer,United States,Aurora,Colorado,80013,West,24.0
JD-16150,Justin Deggeller,Corporate,United States,Minneapolis,Minnesota,55407,Central,51.0
JL-15835,John Lee,Consumer,United States,Mission Viejo,California,92691,West,36.0
SC-20305,Sean Christensen,Consumer,United States,,Michigan,48307,Central,
CC-12430,Chuck Clark,Home Office,United States,Columbus,Indiana,47201,Central,38.0
AR-10825,Anthony Rawles,Corporate,United States,Vancouver,Washington,98661,West,41.0
SR-20740,Steven Roelle,Home Office,United States,New York City,New York,10024,East,19.0
CR-12730,Craig Reiter,Consumer,United States,Columbus,Ohio,43229,East,
EH-14125,Eugene Hildebrand,Home Office,United States,Aurora,Illinois,60505,Central,37.0
SP-20545,Sibella Parks,Corporate,United States,New York City,New York,10011,East,41.0
TH-21235,Tiffany House,Corporate,United States,Dallas,Texas,75081,Central,34.0
RP-19390,Resi Pölking,Consumer,United States,,Ohio,44105,East,30.0
RB-19570,Rob Beeghly,Consumer,United States,Columbus,Indiana,47201,Central,35.0
CD-11980,Carol Darley,Consumer,United States,,Texas,75701,Central,16.0
DJ-13630,Doug Jacobs,Consumer,United States,New York City,New York,10024,East,
GT-14635,Grant Thornton,Corporate,United States,Burlington,North Carolina,27217,South,48.0
MC-17845,Michael Chen,Consumer,United States,Jackson,Mississippi,39212,South,38.0
RA-19285,Ralph Arnett,Consumer,United States,New York City,New York,10035,East,23.0
NP-18325,Naresj Patel,Consumer,United States,Waynesboro,Virginia,22980,South,13.0
AB-10165,Alan Barnes,Consumer,United States,Los Angeles,California,90036,West,28.0
JO-15550,Jesus Ocampo,Home Office,United States,Chester,Pennsylvania,19013,East,50.0
JK-15370,Jay Kimmel,Consumer,United States,Long Beach,California,90805,West,42.0
BN-11470,Brad Norvell,Corporate,United States,Cary,North Carolina,27511,South,21.0
DP-13165,David Philippe,Consumer,United States,New York City,New York,10035,East,30.0
TH-21550,Tracy Hopkins,Home Office,United States,,New York,10035,East,
AP-10915,Arthur Prichep,Consumer,United States,Palm Coast,Florida,32137,South,14.0
RS-19765,Roland Schwarz,Corporate,United States,Mount Vernon,New York,10550,East,46.0
SV-20365,Seth Vernon,Consumer,United States,Dover,Delaware,19901,East,37.0
CK-12325,Christine Kargatis,Home Office,United States,Orem,Utah,84057,West,32.0
RD-19810,Ross DeVincentis,Home Office,United States,Los Angeles,California,90045,West,23.0
MR-17545,Mathew Reese,Home Office,United States,Philadelphia,Pennsylvania,19140,East,
SC-20695,Steve Chapman,Corporate,United States,Hialeah,Florida,33012,South,
JF-15355,Jay Fein,Consumer,United States,Austin,Texas,78745,Central,32.0
EG-13900,Emily Grady,Consumer,United States,Oceanside,New York,11572,East,10.0
DS-13030,Darrin Sayre,Home Office,United States,,Washington,98115,West,29.0
PO-19195,Phillina Ober,Home Office,United States,Naperville,Illinois,60540,Central,44.0
SS-20875,Sung Shariari,Consumer,United States,Dallas,Texas,75220,Central,34.0
PB-19105,Peter Bühler,Consumer,United States,Evanston,Illinois,60201,Central,25.0
RF-19735,Roland Fjeld,Consumer,United States,Trenton,Michigan,48183,Central,
YC-21895,Yoseph Carroll,Corporate,United States,San Francisco,California,94110,West,44.0
DC-13285,Debra Catini,Consumer,United States,Cottage Grove,Minnesota,55016,Central,33.0
CP-12340,Christine Phan,Corporate,United States,New York City,New York,10009,East,29.0
BF-11020,Barry Französisch,Corporate,United States,Green Bay,Wisconsin,54302,Central,42.0
LH-17020,Lisa Hazard,Consumer,United States,Columbus,Ohio,43229,East,20.0
CS-12250,Chris Selesnick,Corporate,United States,Bossier City,Louisiana,71111,South,26.0
AJ-10795,Anthony Johnson,Corporate,United States,Saint Petersburg,Florida,33710,South,26.0
BV-11245,Benjamin Venier,Corporate,United States,Des Moines,Iowa,50315,Central,33.0
DL-12865,Dan Lawera,Consumer,United States,Cincinnati,Ohio,45231,East,49.0
BM-11785,Bryan Mills,Consumer,United States,Columbus,Ohio,43229,East,11.0
LT-17110,Liz Thompson,Consumer,United States,,California,93534,West,
JK-15730,Joe Kamberova,Consumer,United States,Asheville,North Carolina,28806,South,47.0
ES-14020,Erica Smith,Consumer,United States,San Francisco,California,94110,West,24.0
RH-19495,Rick Hansen,Consumer,United States,Rochester,Minnesota,55901,Central,
CD-11920,Carlos Daly,Consumer,United States,Lake Elsinore,California,92530,West,51.0
HW-14935,Helen Wasserman,Corporate,United States,San Diego,California,92105,West,47.0
MC-18130,Mike Caudle,Corporate,United States,Monroe,Louisiana,71203,South,45.0
GM-14440,Gary McGarr,Consumer,United States,San Francisco,California,94122,West,36.0
PJ-19015,Pauline Johnson,Consumer,United States,Santa Ana,California,92704,West,22.0
BW-11110,Bart Watters,Corporate,United States,Milwaukee,Wisconsin,53209,Central,
TR-21325,Toby Ritter,Consumer,United States,Belleville,New Jersey,7109,East,33.0
PG-18820,Patrick Gardner,Consumer,United States,San Francisco,California,94110,West,45.0
JL-15175,James Lanier,Home Office,United States,Columbia,Tennessee,38401,South,
BM-11650,Brian Moss,Corporate,United States,New York City,New York,10035,East,16.0
EM-14095,Eudokia Martin,Corporate,United States,Los Angeles,California,90036,West,29.0
AF-10885,Art Foster,Consumer,United States,Louisville,Kentucky,40214,South,44.0
GA-14725,Guy Armstrong,Consumer,United States,Lorain,Ohio,44052,East,44.0
CK-12760,Cyma Kinney,Corporate,United States,Linden,New Jersey,7036,East,16.0
DP-13105,Dave Poirier,Corporate,United States,Salinas,California,93905,West,27.0
BK-11260,Berenike Kampe,Consumer,United States,New York City,New York,10035,East,36.0
SJ-20125,Sanjit Jacobs,Home Office,United States,New Brunswick,New Jersey,8901,East,37.0
CM-12445,Chuck Magee,Consumer,United States,San Francisco,California,94122,West,35.0
AJ-10780,Anthony Jacobs,Corporate,United States,Springfield,Virginia,22153,South,
LS-16945,Linda Southworth,Corporate,United States,Philadelphia,Pennsylvania,19140,East,
GP-14740,Guy Phonely,Corporate,United States,Lancaster,Pennsylvania,17602,East,39.0
PK-18910,Paul Knutson,Home Office,United States,Philadelphia,Pennsylvania,19143,East,21.0
SM-20005,Sally Matthias,Consumer,United States,New York City,New York,10009,East,18.0
AG-10765,Anthony Garverick,Home Office,United States,Philadelphia,Pennsylvania,19120,East,35.0
PM-19135,Peter McVee,Home Office,United States,Detroit,Michigan,48227,Central,10.0
LL-16840,Lauren Leatherbury,Consumer,United States,Rochester,New York,14609,East,
JS-15595,Jill Stevenson,Corporate,United States,Los Angeles,California,90045,West,53.0
EL-13735,Ed Ludwig,Home Office,United States,Columbia,Maryland,21044,East,45.0
PC-18745,Pamela Coakley,Corporate,United States,San Francisco,California,94122,West,25.0
HL-15040,Hunter Lopez,Consumer,United States,Houston,Texas,77095,Central,42.0
MS-17365,Maribeth Schnelling,Consumer,United States,Detroit,Michigan,48227,Central,
GB-14530,George Bell,Corporate,United States,Auburn,New York,13021,East,
JR-16210,Justin Ritter,Corporate,United States,Springfield,Ohio,45503,East,44.0
BE-11335,Bill Eplett,Home Office,United States,Jackson,Michigan,49201,Central,25.0
SC-20050,Sample Company A,Home Office,United States,Norwich,Connecticut,6360,East,
RW-19630,Rob Williams,Corporate,United States,Dallas,Texas,75220,Central,28.0
SE-20110,Sanjit Engle,Consumer,United States,New York City,New York,10009,East,
AH-10075,Adam Hart,Corporate,United States,New York City,New York,10011,East,41.0
JM-15535,Jessica Myrick,Consumer,United States,Philadelphia,Pennsylvania,19143,East,32.0
JJ-15760,Joel Jenkins,Home Office,United States,Springfield,Virginia,22153,South,39.0
RK-19300,Ralph Kennedy,Consumer,United States,Philadelphia,Pennsylvania,19140,East,31.0
CG-12040,Catherine Glotzbach,Home Office,United States,Philadelphia,Pennsylvania,19120,East,33.0
RP-19270,Rachel Payne,Corporate,United States,Riverside,California,92503,West,18.0
KC-16255,Karen Carlisle,Corporate,United States,San Francisco,California,94110,West,32.0
KH-16360,Katherine Hughes,Consumer,United States,Philadelphia,Pennsylvania,19143,East,24.0
GH-14665,Greg Hansen,Consumer,United States,Round Rock,Texas,78664,Central,
SW-20275,Scott Williamson,Consumer,United States,,Mississippi,39212,South,22.0
JA-15970,Joseph Airdo,Consumer,United States,Phoenix,Arizona,85023,West,
DL-12925,Daniel Lacy,Consumer,United States,Oceanside,California,92054,West,23.0
LW-16990,Lindsay Williams,Corporate,United States,San Francisco,California,94110,West,32.0
TB-21190,Thomas Brumley,Home Office,United States,Fayetteville,Arkansas,72701,South,
BS-11800,Bryan Spruell,Home Office,United States,,New York,10011,East,36.0
RW-19690,Robert Waldorf,Consumer,United States,Wilmington,North Carolina,28403,South,36.0
TZ-21580,Tracy Zic,Consumer,United States,Louisville,Colorado,80027,West,
AS-10630,Ann Steele,Home Office,United States,Pasadena,Texas,77506,Central,54.0
TS-21340,Toby Swindell,Consumer,United States,Houston,Texas,77041,Central,27.0
SL-20155,Sara Luxemburg,Home Office,United States,Jacksonville,Florida,32216,South,37.0
MW-18235,Mitch Willingham,Corporate,United States,Virginia Beach,Virginia,23464,South,31.0
RD-19585,Rob Dowd,Consumer,United States,Henderson,Kentucky,42420,South,40.0
RA-19945,Ryan Akin,Consumer,United States,Murrieta,California,92563,West,99.0
MT-17815,Meg Tillman,Consumer,United States,Scottsdale,Arizona,85254,West,39.0
VG-21790,Vivek Gonzalez,Consumer,United States,San Diego,California,92037,West,28.0
JS-15880,John Stevenson,Consumer,United States,Seattle,Washington,98103,West,37.0
KM-16225,Kalyca Meade,Corporate,United States,New York City,New York,10011,East,42.0
HR-14770,Hallie Redmond,Home Office,United States,Los Angeles,California,90045,West,29.0
DE-13255,Deanra Eno,Home Office,United States,Springfield,Ohio,45503,East,47.0
AG-10390,Allen Goldenen,Consumer,United States,Cincinnati,Ohio,45231,East,36.0
JJ-15445,Jennifer Jackson,Consumer,United States,Los Angeles,California,90004,West,36.0
JH-15430,Jennifer Halladay,Consumer,United States,Burlington,North Carolina,27217,South,38.0
RD-19660,Robert Dilbeck,Home Office,United States,Saint Peters,Missouri,63376,Central,16.0
MO-17500,Mary O'Rourke,Consumer,United States,New York City,New York,10035,East,21.0
NS-18640,Noel Staavos,Corporate,United States,Chicago,Illinois,60610,Central,40.0
DG-13300,Deirdre Greer,Corporate,United States,Philadelphia,Pennsylvania,19134,East,36.0
NF-18595,Nicole Fjeld,Home Office,United States,New York City,New York,10009,East,22.0
MG-17650,Matthew Grinstein,Home Office,United States,Philadelphia,Pennsylvania,19143,East,27.0
TS-21160,Theresa Swint,Corporate,United States,Toledo,Ohio,43615,East,33.0
BD-11620,Brian DeCherney,Consumer,United States,San Francisco,California,94122,West,
CM-12160,Charles McCrossin,Consumer,United States,Brownsville,Texas,78521,Central,31.0
SN-20560,Skye Norling,Home Office,United States,Los Angeles,California,90008,West,28.0
EH-14005,Erica Hernandez,Home Office,United States,Denver,Colorado,80219,West,27.0
FO-14305,Frank Olsen,Consumer,United States,New York City,New York,10035,East,12.0
MS-17710,Maurice Satty,Consumer,United States,Mesa,Arizona,85204,West,36.0
CC-12100,Chad Cunningham,Home Office,United States,Columbus,Indiana,47201,Central,44.0
DW-13540,Don Weiss,Consumer,United States,Seattle,Washington,98105,West,31.0
BT-11395,Bill Tyler,Corporate,United States,Detroit,Michigan,48227,Central,29.0
CY-12745,Craig Yedwab,Corporate,United States,Oakland,California,94601,West,31.0
BT-11485,Brad Thomas,Home Office,United States,Clinton,Maryland,20735,East,87.0
PS-19045,Penelope Sewall,Home Office,United States,Charlotte,North Carolina,28205,South,53.0
PV-18985,Paul Van Hugh,Home Office,United States,San Francisco,California,94122,West,38.0
NM-18520,Neoma Murray,Consumer,United States,,California,92503,West,
DL-13495,Dionis Lloyd,Corporate,United States,San Francisco,California,94110,West,
CS-12355,Christine Sundaresam,Consumer,United States,Roswell,Georgia,30076,South,87.0
FH-14275,Frank Hawley,Corporate,United States,La Porte,Indiana,46350,Central,19.0
NC-18340,Nat Carroll,Consumer,United States,Lansing,Michigan,48911,Central,
AA-10315,Alex Avila,Consumer,United States,Minneapolis,Minnesota,55407,Central,
LT-16765,Larry Tron,Consumer,United States,,California,92025,West,48.0
AP-10720,Anne Pryor,Home Office,United States,New York City,New York,10035,East,38.0
PM-18940,Paul MacIntyre,Consumer,United States,Jackson,Michigan,49201,Central,26.0
AT-10435,Alyssa Tate,Home Office,United States,Los Angeles,California,90004,West,22.0
CA-12055,Cathy Armstrong,Home Office,United States,,Texas,77070,Central,56.0
HR-14830,Harold Ryan,Corporate,United States,Seattle,Washington,98103,West,40.0
BT-11530,Bradley Talbott,Home Office,United States,Los Angeles,California,90036,West,29.0
LH-16750,Larry Hughes,Consumer,United States,Charlotte,North Carolina,28205,South,26.0
SW-20755,Steven Ward,Corporate,United States,New York City,New York,10009,East,19.0
SP-20620,Stefania Perrino,Corporate,United States,Philadelphia,Pennsylvania,19134,East,35.0
BF-11170,Ben Ferrer,Home Office,United States,Los Angeles,California,90036,West,96.0
KT-16480,Kean Thornton,Consumer,United States,Buffalo,New York,14215,East,28.0
BG-11695,Brooke Gillingham,Corporate,United States,Cincinnati,Ohio,45231,East,42.0
GM-14680,Greg Matthias,Consumer,United States,Seattle,Washington,98105,West,38.0
EJ-14155,Eva Jacobs,Consumer,United States,,Mississippi,39503,South,35.0
NP-18700,Nora Preis,Consumer,United States,Fresno,California,93727,West,37.0
MH-18115,Mick Hernandez,Home Office,United States,Chester,Pennsylvania,19013,East,20.0
JR-15700,Jocasta Rupert,Consumer,United States,Jacksonville,Florida,32216,South,38.0
SM-20950,Suzanne McNair,Corporate,United States,,North Carolina,27834,South,51.0
CC-12220,Chris Cortes,Consumer,United States,La Porte,Indiana,46350,Central,41.0
PF-19225,Phillip Flathmann,Consumer,United States,San Francisco,California,94122,West,23.0
DC-12850,Dan Campbell,Consumer,United States,Florence,Alabama,35630,South,42.0
BD-11770,Bryan Davis,Consumer,United States,Houston,Texas,77070,Central,
GM-14500,Gene McClure,Consumer,United States,Providence,Rhode Island,2908,East,67.0
TB-21355,Todd Boyes,Corporate,United States,New York City,New York,10009,East,27.0
JH-16180,Justin Hirsh,Consumer,United States,Pueblo,Colorado,81001,West,39.0
EB-13975,Erica Bern,Corporate,United States,,California,94533,West,
QJ-19255,Quincy Jones,Corporate,United States,Saint Paul,Minnesota,55106,Central,
TC-21535,Tracy Collins,Home Office,United States,Arlington,Virginia,22204,South,15.0
CS-12460,Chuck Sachs,Consumer,United States,Columbus,Georgia,31907,South,
HG-14965,Henry Goldwyn,Corporate,United States,Los Angeles,California,90032,West,18.0
LW-16825,Laurel Workman,Corporate,United States,Deltona,Florida,32725,South,10.0
MC-17575,Matt Collins,Consumer,United States,Cincinnati,Ohio,45231,East,27.0
LP-17095,Liz Preis,Consumer,United States,Murray,Kentucky,42071,South,30.0
EB-14170,Evan Bailliet,Consumer,United States,,North Carolina,28403,South,32.0
GZ-14545,George Zrebassa,Corporate,United States,Lawrence,Massachusetts,1841,East,100.0
CP-12085,Cathy Prescott,Corporate,United States,Norwich,Connecticut,6360,East,36.0
FG-14260,Frank Gastineau,Home Office,United States,San Francisco,California,94110,West,35.0
LD-17005,Lisa DeCherney,Consumer,United States,San Francisco,California,94109,West,40.0
AB-10255,Alejandro Ballentine,Home Office,United States,Lorain,Ohio,44052,East,34.0
MN-17935,Michael Nguyen,Consumer,United States,Dallas,Texas,75220,Central,87.0
JR-15670,Jim Radford,Consumer,United States,Middletown,Connecticut,6457,East,37.0
JF-15190,Jamie Frazer,Consumer,United States,Los Angeles,California,90008,West,39.0
CM-12115,Chad McGuire,Consumer,United States,New York City,New York,10011,East,99.0
AS-10045,Aaron Smayling,Corporate,United States,Jacksonville,North Carolina,28540,South,40.0
BP-11290,Beth Paige,Consumer,United States,Evanston,Illinois,60201,Central,54.0
ND-18370,Natalie DeCherney,Consumer,United States,Louisville,Kentucky,40214,South,40.0
LB-16735,Larry Blacks,Consumer,United States,Fort Worth,Texas,76106,Central,30.0
KT-16465,Kean Takahito,Consumer,United States,Los Angeles,California,90049,West,96.0
HM-14860,Harry Marie,Corporate,United States,Philadelphia,Pennsylvania,19120,East,98.0
AB-10600,Ann Blume,Corporate,United States,Tucson,Arizona,85705,West,31.0
SZ-20035,Sam Zeldin,Home Office,United States,Pico Rivera,California,90660,West,10.0
MG-17890,Michael Granlund,Home Office,United States,Clinton,Maryland,20735,East,98.0
JK-16120,Julie Kriz,Home Office,United States,Aurora,Illinois,60505,Central,40.0
PP-18955,Paul Prost,Home Office,United States,Smyrna,Georgia,30080,South,30.0
YS-21880,Yana Sorensen,Corporate,United States,Burlington,North Carolina,27217,South,27.0
KM-16375,Katherine Murray,Home Office,United States,Salem,Virginia,24153,South,42.0
AB-10105,Adrian Barton,Consumer,United States,Phoenix,Arizona,85023,West,19.0
HA-14905,Helen Abelman,Consumer,United States,New York City,New York,10024,East,
BT-11305,Beth Thompson,Home Office,United States,Costa Mesa,California,92627,West,
SV-20815,Stuart Van,Corporate,United States,Houston,Texas,77041,Central,
RW-19540,Rick Wilson,Corporate,United States,Mesa,Arizona,85204,West,96.0
DK-12835,Damala Kotsonis,Corporate,United States,Salinas,California,93905,West,35.0
ST-20530,Shui Tom,Consumer,United States,Parma,Ohio,44134,East,27.0
MM-17920,Michael Moore,Consumer,United States,San Francisco,California,94110,West,33.0
PW-19030,Pauline Webber,Corporate,United States,Richmond,Kentucky,40475,South,
SC-20440,Shaun Chance,Corporate,United States,Aurora,Colorado,80013,West,36.0
TS-21085,Thais Sissman,Consumer,United States,Phoenix,Arizona,85023,West,
MC-17425,Mark Cousins,Corporate,United States,Mobile,Alabama,36608,South,20.0
ME-17320,Maria Etezadi,Home Office,United States,Columbus,Georgia,31907,South,18.0
NH-18610,Nicole Hansen,Corporate,United States,Irving,Texas,75061,Central,41.0
MB-18085,Mick Brown,Consumer,United States,Vineland,New Jersey,8360,East,33.0
KD-16495,Keith Dawkins,Corporate,United States,New York City,New York,10009,East,34.0
KN-16390,Katherine Nockton,Corporate,United States,Los Angeles,California,90004,West,
NP-18685,Nora Pelletier,Home Office,United States,Niagara Falls,New York,14304,East,41.0
CS-12505,Cindy Stewart,Consumer,United States,Thomasville,North Carolina,27360,South,
MS-17770,Maxwell Schwartz,Consumer,United States,New York City,New York,10035,East,36.0
CM-12655,Corinna Mitchell,Home Office,United States,Los Angeles,California,90008,West,36.0
Co-12640,Corey-Lock,Consumer,United States,Philadelphia,Pennsylvania,19143,East,
TS-21370,Todd Sumrall,Corporate,United States,New York City,New York,10035,East,21.0
JW-15220,Jane Waco,Corporate,United States,Vancouver,Washington,98661,West,34.0
JD-15790,John Dryer,Consumer,United States,Coppell,Texas,75019,Central,
PC-19000,Pauline Chand,Home Office,United States,Los Angeles,California,90004,West,47.0
AR-10540,Andy Reiter,Consumer,United States,New York City,New York,10024,East,
AI-10855,Arianne Irving,Consumer,United States,Philadelphia,Pennsylvania,19120,East,33.0
TB-21400,Tom Boeckenhauer,Consumer,United States,Seattle,Washington,98105,West,29.0
PL-18925,Paul Lucas,Home Office,United States,Chicago,Illinois,60610,Central,
GH-14425,Gary Hwang,Consumer,United States,Tucson,Arizona,85705,West,13.0
MP-18175,Mike Pelletier,Home Office,United States,Laguna Niguel,California,92677,West,27.0
JM-15655,Jim Mitchum,Corporate,United States,Bridgeton,New Jersey,8302,East,41.0
CL-11890,Carl Ludwig,Consumer,United States,Everett,Massachusetts,2149,East,99.0
DB-13270,Deborah Brumfield,Home Office,United States,San Diego,California,92024,West,55.0
IG-15085,Ivan Gibson,Consumer,United States,San Diego,California,92024,West,56.0
BO-11425,Bobby Odegard,Consumer,United States,Richmond,Kentucky,40475,South,18.0
AB-10150,Aimee Bixby,Consumer,United States,Long Beach,New York,11561,East,99.0
JW-16075,Julia West,Consumer,United States,Philadelphia,Pennsylvania,19140,East,41.0
EB-13750,Edward Becker,Corporate,United States,Seattle,Washington,98103,West,48.0
SG-20470,Sheri Gordon,Consumer,United States,New York City,New York,10011,East,29.0
CM-12190,Charlotte Melton,Consumer,United States,Philadelphia,Pennsylvania,19134,East,96.0
AW-10840,Anthony Witt,Consumer,United States,Allen,Texas,75002,Central,24.0
MC-18100,Mick Crebagga,Consumer,United States,El Paso,Texas,79907,Central,98.0
TT-21460,Tonja Turnell,Home Office,United States,,Illinois,60505,Central,20.0
VG-21805,Vivek Grady,Corporate,United States,Virginia Beach,Virginia,23464,South,17.0
MY-18295,Muhammed Yedwab,Corporate,United States,Grapevine,Texas,76051,Central,31.0
RD-19480,Rick Duston,Consumer,United States,Olympia,Washington,98502,West,41.0
DP-13390,Dennis Pardue,Home Office,United States,Peoria,Illinois,61604,Central,40.0
ML-17395,Marina Lichtenstein,Corporate,United States,Los Angeles,California,90008,West,43.0
JC-15385,Jenna Caffey,Consumer,United States,Kent,Washington,98031,West,31.0
JG-15160,James Galang,Consumer,United States,Los Angeles,California,90049,West,29.0
MC-17275,Marc Crier,Consumer,United States,Lafayette,Louisiana,70506,South,34.0
NW-18400,Natalie Webber,Consumer,United States,Tigard,Oregon,97224,West,22.0
TB-21280,Toby Braunhardt,Consumer,United States,,District of Columbia,20016,East,29.0
BS-11380,Bill Stewart,Corporate,United States,Skokie,Illinois,60076,Central,96.0
HH-15010,Hilary Holden,Corporate,United States,San Francisco,California,94110,West,33.0
CD-12280,Christina DeMoss,Consumer,United States,Seattle,Washington,98105,West,99.0
TH-21100,Thea Hendricks,Consumer,United States,Los Angeles,California,90045,West,4.0
MM-18055,Michelle Moray,Consumer,United States,Seattle,Washington,98115,West,12.0
NS-18505,Neola Schneider,Consumer,United States,Dallas,Texas,75217,Central,
RB-19645,Robert Barroso,Corporate,United States,North Las Vegas,Nevada,89031,West,35.0
SW-20455,Shaun Weien,Consumer,United States,Suffolk,Virginia,23434,South,
EB-13930,Eric Barreto,Consumer,United States,San Francisco,California,94110,West,43.0
PS-18760,Pamela Stobb,Consumer,United States,Los Angeles,California,90008,West,28.0
HF-14995,Herbert Flentye,Consumer,United States,Indianapolis,Indiana,46203,Central,34.0
HZ-14950,Henia Zydlo,Consumer,United States,Columbus,Ohio,43229,East,48.0
CD-12790,Cynthia Delaney,Home Office,United States,San Diego,California,92037,West,30.0
JK-15205,Jamie Kunitz,Consumer,United States,San Francisco,California,94122,West,33.0
FM-14215,Filia McAdams,Corporate,United States,Dublin,Ohio,43017,East,27.0
ED-13885,Emily Ducich,Home Office,United States,San Diego,California,92037,West,47.0
DA-13450,Dianna Arnett,Home Office,United States,Houston,Texas,77095,Central,29.0
JW-15955,Joni Wasserman,Consumer,United States,Oakland,California,94601,West,36.0
RM-19375,Raymond Messe,Consumer,United States,,Texas,77095,Central,
ML-17755,Max Ludwig,Home Office,United States,Suffolk,Virginia,23434,South,29.0
CC-12685,Craig Carroll,Consumer,United States,Greensboro,North Carolina,27405,South,13.0
JE-15610,Jim Epp,Corporate,United States,Milwaukee,Wisconsin,53209,Central,32.0
RP-19855,Roy Phan,Corporate,United States,Kenosha,Wisconsin,53142,Central,36.0
TB-21175,Thomas Boland,Corporate,United States,,Texas,77041,Central,33.0
BE-11455,Brad Eason,Home Office,United States,Olathe,Kansas,66062,Central,10.0
JF-15565,Jill Fjeld,Consumer,United States,Dallas,Texas,75081,Central,29.0
PB-19210,Phillip Breyer,Corporate,United States,Tulsa,Oklahoma,74133,Central,34.0
BT-11680,Brian Thompson,Consumer,United States,Newark,Ohio,43055,East,
JL-15235,Janet Lee,Consumer,United States,Chicago,Illinois,60623,Central,30.0
CH-12070,Cathy Hwang,Home Office,United States,Raleigh,North Carolina,27604,South,98.0
ND-18460,Neil Ducich,Corporate,United States,Macon,Georgia,31204,South,30.0
BF-10975,Barbara Fisher,Corporate,United States,Charlotte,North Carolina,28205,South,
KH-16330,Katharine Harms,Corporate,United States,Bowling Green,Kentucky,42104,South,27.0
GW-14605,Giulietta Weimer,Consumer,United States,Seattle,Washington,98115,West,
NC-18625,Noah Childs,Corporate,United States,Aurora,Colorado,80013,West,49.0
ME-18010,Michelle Ellison,Corporate,United States,San Francisco,California,94122,West,39.0
BP-11230,Benjamin Patterson,Consumer,United States,Spokane,Washington,99207,West,43.0
JC-15775,John Castell,Consumer,United States,San Antonio,Texas,78207,Central,49.0
AS-10090,Adam Shillingsburg,Consumer,United States,Charlottesville,Virginia,22901,South,41.0
AC-10450,Amy Cox,Consumer,United States,Minneapolis,Minnesota,55407,Central,24.0
MD-17860,Michael Dominguez,Corporate,United States,Indianapolis,Indiana,46203,Central,29.0
DB-13660,Duane Benoit,Consumer,United States,Oceanside,New York,11572,East,40.0
EH-13990,Erica Hackney,Consumer,United States,Roswell,Georgia,30076,South,35.0
EH-13765,Edward Hooks,Corporate,United States,Watertown,New York,13601,East,99.0
SC-20230,Scot Coram,Corporate,United States,Arlington,Texas,76017,Central,98.0
JE-15715,Joe Elijah,Consumer,United States,Broomfield,Colorado,80020,West,53.0
AC-10615,Ann Chong,Corporate,United States,New York City,New York,10009,East,33.0
JD-16015,Joy Daniels,Consumer,United States,Chicago,Illinois,60610,Central,37.0
CB-12415,Christy Brittain,Consumer,United States,Columbus,Ohio,43229,East,32.0
JS-16030,Joy Smith,Consumer,United States,Houston,Texas,77036,Central,41.0
LW-17215,Luke Weiss,Consumer,United States,Pasadena,California,91104,West,44.0
SC-20800,Stuart Calhoun,Consumer,United States,Houston,Texas,77041,Central,32.0
AM-10705,Anne McFarland,Consumer,United States,Auburn,Alabama,36830,South,
RH-19510,Rick Huthwaite,Home Office,United States,,Rhode Island,2908,East,
CT-11995,Carol Triggs,Consumer,United States,Rochester,Minnesota,55901,Central,30.0
MC-17590,Matt Collister,Corporate,United States,Perth Amboy,New Jersey,8861,East,27.0
CC-12610,Corey Catlett,Corporate,United States,Philadelphia,Pennsylvania,19134,East,43.0
KA-16525,Kelly Andreada,Consumer,United States,Ontario,California,91761,West,25.0
TC-20980,Tamara Chand,Corporate,United States,Seattle,Washington,98105,West,
BF-11080,Bart Folk,Consumer,United States,Baltimore,Maryland,21215,East,38.0
MM-17260,Magdelene Morse,Consumer,United States,Wilmington,Delaware,19805,East,28.0
AH-10120,Adrian Hane,Home Office,United States,Tucson,Arizona,85705,West,35.0
BW-11200,Ben Wallace,Consumer,United States,Boynton Beach,Florida,33437,South,22.0
SW-20245,Scot Wooten,Consumer,United States,Stockton,California,95207,West,10.0
BS-11665,Brian Stugart,Consumer,United States,Philadelphia,Pennsylvania,19143,East,100.0
RF-19345,Randy Ferguson,Corporate,United States,Dover,New Hampshire,3820,East,43.0
WB-21850,William Brown,Consumer,United States,Philadelphia,Pennsylvania,19134,East,26.0
TB-21625,Trudy Brown,Consumer,United States,Grand Prairie,Texas,75051,Central,22.0
AF-10870,Art Ferguson,Consumer,United States,College Station,Texas,77840,Central,31.0
RB-19435,Richard Bierner,Consumer,United States,Saint Louis,Missouri,63116,Central,49.0
KF-16285,Karen Ferguson,Home Office,United States,Manteca,California,95336,West,44.0
JH-15820,John Huston,Consumer,United States,Kent,Ohio,44240,East,37.0
IL-15100,Ivan Liston,Consumer,United States,San Francisco,California,94122,West,37.0
PB-18805,Patrick Bzostek,Home Office,United States,Salt Lake City,Utah,84106,West,33.0
RH-19600,Rob Haberlin,Consumer,United States,Huntsville,Alabama,35810,South,43.0
AW-10930,Arthur Wiediger,Home Office,United States,Aurora,Illinois,60505,Central,
ML-17410,Maris LaWare,Consumer,United States,Fairfield,Connecticut,6824,East,31.0
DB-13555,Dorothy Badders,Corporate,United States,Jacksonville,Florida,32216,South,41.0
MH-17620,Matt Hagelstein,Corporate,United States,San Francisco,California,94110,West,46.0
DK-13375,Dennis Kane,Consumer,United States,Marion,Ohio,43302,East,48.0
BT-11440,Bobby Trafton,Consumer,United States,Littleton,Colorado,80122,West,30.0
DB-13405,Denny Blanton,Consumer,United States,,Indiana,46350,Central,28.0
TG-21310,Toby Gnade,Consumer,United States,Los Angeles,California,90049,West,44.0
BF-11005,Barry Franz,Home Office,United States,Pasadena,California,91104,West,43.0
JM-16195,Justin MacKendrick,Consumer,United States,Los Angeles,California,90004,West,36.0
MZ-17335,Maria Zettner,Home Office,United States,San Diego,California,92024,West,29.0
MW-18220,Mitch Webber,Consumer,United States,New York City,New York,10035,East,37.0
MV-17485,Mark Van Huff,Consumer,United States,Arlington,Virginia,22204,South,24.0
SM-20320,Sean Miller,Home Office,United States,Monroe,North Carolina,28110,South,47.0
TP-21415,Tom Prescott,Consumer,United States,Seattle,Washington,98115,West,36.0
JK-15625,Jim Karlsson,Consumer,United States,Seattle,Washington,98115,West,
PJ-18835,Patrick Jones,Corporate,United States,Murfreesboro,Tennessee,37130,South,98.0
RS-19420,Ricardo Sperren,Corporate,United States,Seattle,Washington,98115,West,18.0
SV-20935,Susan Vittorini,Consumer,United States,New York City,New York,10009,East,47.0
BC-11125,Becky Castell,Home Office,United States,,Arizona,85345,West,37.0
EM-13825,Elizabeth Moffitt,Corporate,United States,Sioux Falls,South Dakota,57103,Central,100.0
BM-11575,Brendan Murry,Corporate,United States,New York City,New York,10035,East,
KN-16705,Kristina Nunn,Home Office,United States,Fort Collins,Colorado,80525,West,100.0
KW-16570,Kelly Williams,Consumer,United States,Clarksville,Tennessee,37042,South,40.0
SC-20260,Scott Cohen,Corporate,United States,San Francisco,California,94122,West,32.0
CV-12295,Christina VanderZanden,Consumer,United States,Fresno,California,93727,West,98.0
SG-20605,Speros Goranitis,Consumer,United States,New York City,New York,10009,East,29.0
TM-21010,Tamara Manning,Consumer,United States,San Francisco,California,94122,West,29.0
EM-13810,Eleni McCrary,Corporate,United States,Los Angeles,California,90036,West,33.0
ML-18040,Michelle Lonsdale,Corporate,United States,Albuquerque,New Mexico,87105,West,56.0
CR-12580,Clay Rozendal,Home Office,United States,Elmhurst,Illinois,60126,Central,37.0
AZ-10750,Annie Zypern,Consumer,United States,New York City,New York,10009,East,33.0
PW-19240,Pierre Wener,Consumer,United States,Louisville,Colorado,80027,West,20.0
SC-20380,Shahid Collister,Consumer,United States,Seattle,Washington,98115,West,9.0
CM-11935,Carlos Meador,Consumer,United States,,North Carolina,28314,South,15.0
GM-14695,Greg Maxwell,Corporate,United States,,California,90036,West,25.0
TB-21250,Tim Brockman,Consumer,United States,New York City,New York,10024,East,32.0
JM-15865,John Murray,Consumer,United States,Jamestown,New York,14701,East,37.0
SC-20575,Sonia Cooley,Consumer,United States,Mishawaka,Indiana,46544,Central,39.0
LS-17200,Luke Schmidt,Corporate,United States,Skokie,Illinois,60076,Central,30.0
RR-19315,Ralph Ritter,Consumer,United States,San Francisco,California,94110,West,33.0
DB-12910,Daniel Byrd,Home Office,United States,Tampa,Florida,33614,South,22.0
TT-21220,Thomas Thornton,Consumer,United States,Houston,Texas,77041,Central,46.0
LO-17170,Lori Olson,Corporate,United States,La Quinta,California,92253,West,32.0
KD-16615,Ken Dana,Corporate,United States,Scottsdale,Arizona,85254,West,28.0
NB-18580,Nicole Brennan,Corporate,United States,Philadelphia,Pennsylvania,19134,East,35.0
BD-11635,Brian Derr,Consumer,United States,Bowling Green,Kentucky,42104,South,19.0
CM-12235,Chris McAfee,Consumer,United States,Carrollton,Texas,75007,Central,36.0
EN-13780,Edward Nazzal,Consumer,United States,,New York,10035,East,16.0
KN-16450,Kean Nguyen,Corporate,United States,Jacksonville,Florida,32216,South,40.0
BO-11350,Bill Overfelt,Corporate,United States,Los Angeles,California,90045,West,42.0
AG-10300,Aleksandra Gannaway,Corporate,United States,Los Angeles,California,90049,West,
MC-17635,Matthew Clasen,Corporate,United States,Saint Louis,Missouri,63116,Central,48.0
TA-21385,Tom Ashbrook,Home Office,United States,New York City,New York,10024,East,49.0
JF-15295,Jason Fortune-,Consumer,United States,Seattle,Washington,98103,West,45.0
TT-21265,Tim Taslimi,Corporate,United States,Los Angeles,California,90045,West,52.0
SB-20170,Sarah Bern,Consumer,United States,New York City,New York,10035,East,
CL-12700,Craig Leslie,Home Office,United States,Springfield,Missouri,65807,Central,10.0
HG-15025,Hunter Glantz,Consumer,United States,Amarillo,Texas,79109,Central,49.0
NL-18310,Nancy Lomonaco,Home Office,United States,Los Angeles,California,90045,West,44.0
RR-19525,Rick Reed,Corporate,United States,Lowell,Massachusetts,1852,East,10.0
TC-21295,Toby Carlisle,Consumer,United States,San Diego,California,92024,West,41.0
SV-20785,Stewart Visinsky,Consumer,United States,Pueblo,Colorado,81001,West,21.0
BE-11410,Bobby Elias,Consumer,United States,Lancaster,Ohio,43130,East,98.0
SC-20680,Steve Carroll,Home Office,United States,Columbus,Georgia,31907,South,
DF-13135,David Flashing,Consumer,United States,Vallejo,California,94591,West,37.0
FH-14350,Fred Harton,Consumer,United States,Seattle,Washington,98105,West,29.0
MS-17530,MaryBeth Skach,Consumer,United States,San Diego,California,92037,West,40.0
RH-19555,Ritsa Hightower,Consumer,United States,Tallahassee,Florida,32303,South,47.0
GA-14515,George Ashbrook,Consumer,United States,San Francisco,California,94122,West,46.0
JP-16135,Julie Prescott,Home Office,United States,Columbus,Georgia,31907,South,23.0
Dp-13240,Dean percer,Home Office,United States,Murray,Utah,84107,West,
MO-17950,Michael Oakman,Consumer,United States,Dallas,Texas,75220,Central,29.0
DL-13330,Denise Leinenbach,Consumer,United States,Las Cruces,New Mexico,88001,West,87.0
MH-18025,Michelle Huthwaite,Consumer,United States,Seattle,Washington,98115,West,17.0
DR-12940,Daniel Raglin,Home Office,United States,Franklin,Massachusetts,2038,East,37.0
DM-13015,Darrin Martin,Consumer,United States,Encinitas,California,92024,West,47.0
CA-11965,Carol Adams,Corporate,United States,Hoover,Alabama,35244,South,87.0
AC-10660,Anna Chung,Consumer,United States,Huntsville,Texas,77340,Central,38.0
DM-13345,Denise Monton,Corporate,United States,Roswell,Georgia,30076,South,27.0
VF-21715,Vicky Freymann,Home Office,United States,Columbus,Indiana,47201,Central,37.0
CC-12370,Christopher Conant,Consumer,United States,Fayetteville,North Carolina,28314,South,38.0
BF-11275,Beth Fritzler,Corporate,United States,Tucson,Arizona,85705,West,87.0
HG-14845,Harry Greene,Consumer,United States,Lake Charles,Louisiana,70601,South,41.0
BP-11155,Becky Pak,Consumer,United States,Columbus,Georgia,31907,South,38.0
EM-14140,Eugene Moren,Home Office,United States,,Arizona,85301,West,46.0
MA-17995,Michelle Arnett,Home Office,United States,Watertown,New York,13601,East,31.0
AY-10555,Andy Yotov,Corporate,United States,Oceanside,California,92054,West,100.0
GB-14575,Giulietta Baptist,Consumer,United States,Philadelphia,Pennsylvania,19134,East,47.0
JB-16045,Julia Barnett,Home Office,United States,Columbus,Georgia,31907,South,22.0
MG-17875,Michael Grace,Home Office,United States,,New York,10011,East,40.0
SR-20425,Sharelle Roach,Home Office,United States,Louisville,Colorado,80027,West,
JB-16000,Joy Bell-,Consumer,United States,Brownsville,Texas,78521,Central,17.0
DM-12955,Dario Medina,Corporate,United States,,Michigan,48146,Central,54.0
TC-21475,Tony Chapman,Home Office,United States,Columbus,Georgia,31907,South,
SW-20350,Sean Wendt,Home Office,United States,Detroit,Michigan,48227,Central,42.0
RE-19450,Richard Eichhorn,Consumer,United States,Dallas,Texas,75081,Central,33.0
BF-11215,Benjamin Farhat,Home Office,United States,Albuquerque,New Mexico,87105,West,87.0
KB-16405,Katrina Bavinger,Home Office,United States,Apple Valley,California,92307,West,34.0
JG-15310,Jason Gross,Corporate,United States,Providence,Rhode Island,2908,East,54.0
EC-14050,Erin Creighton,Consumer,United States,New York City,New York,10024,East,
EB-14110,Eugene Barchas,Consumer,United States,Philadelphia,Pennsylvania,19134,East,35.0
JP-15460,Jennifer Patt,Corporate,United States,Oceanside,New York,11572,East,26.0
CS-11845,Cari Sayre,Corporate,United States,Seattle,Washington,98105,West,87.0
GH-14410,Gary Hansen,Home Office,United States,Glendale,Arizona,85301,West,25.0
PT-19090,Pete Takahito,Consumer,United States,Houston,Texas,77070,Central,32.0
JL-15130,Jack Lebron,Consumer,United States,Houston,Texas,77036,Central,27.0
AH-10030,Aaron Hawkins,Corporate,United States,Philadelphia,Pennsylvania,19134,East,25.0
CC-12475,Cindy Chapman,Consumer,United States,New York City,New York,10024,East,41.0
DW-13195,David Wiener,Corporate,United States,,Texas,77095,Central,26.0
SJ-20215,Sarah Jordon,Consumer,United States,,Texas,75051,Central,37.0
BG-11740,Bruce Geld,Consumer,United States,Philadelphia,Pennsylvania,19120,East,15.0
LB-16795,Laurel Beltran,Home Office,United States,Highland Park,Illinois,60035,Central,10.0
CM-11815,Candace McMahon,Corporate,United States,Pasadena,Texas,77506,Central,38.0
EH-14185,Evan Henry,Consumer,United States,Decatur,Alabama,35601,South,10.0
TS-21505,Tony Sayre,Consumer,United States,Columbia,Tennessee,38401,South,24.0
PR-18880,Patrick Ryan,Consumer,United States,Oakland,California,94601,West,33.0
LC-17050,Liz Carlisle,Consumer,United States,Mission Viejo,California,92691,West,
CS-12490,Cindy Schnelling,Corporate,United States,Conroe,Texas,77301,Central,35.0
DH-13075,Dave Hallsten,Corporate,United States,Richmond,Kentucky,40475,South,31.0
JO-15145,Jack O'Briant,Corporate,United States,,Pennsylvania,19140,East,44.0
AH-10690,Anna Häberlin,Corporate,United States,New York City,New York,10024,East,28.0
HJ-14875,Heather Jas,Home Office,United States,Jacksonville,Florida,32216,South,41.0
MH-17455,Mark Hamilton,Consumer,United States,Jacksonville,North Carolina,28540,South,21.0
RD-19930,Russell D'Ascenzo,Consumer,United States,Austin,Texas,78745,Central,21.0
SC-20020,Sam Craven,Consumer,United States,Plano,Texas,75023,Central,25.0
SU-20665,Stephanie Ulpright,Home Office,United States,Jackson,Mississippi,39212,South,
FC-14335,Fred Chung,Corporate,United States,Mesquite,Texas,75150,Central,87.0
RB-19330,Randy Bradley,Consumer,United States,Philadelphia,Pennsylvania,19143,East,38.0
NC-18535,Nick Crebassa,Corporate,United States,Dallas,Texas,75217,Central,23.0
DB-12970,Darren Budd,Corporate,United States,Los Angeles,California,90004,West,29.0
MF-17665,Maureen Fritzler,Corporate,United States,Toledo,Ohio,43615,East,43.0
RM-19750,Roland Murray,Consumer,United States,New York City,New York,10011,East,87.0
VM-21835,Vivian Mathis,Consumer,United States,,Delaware,19711,East,
EJ-13720,Ed Jacobs,Consumer,United States,San Diego,California,92037,West,98.0
NC-18415,Nathan Cano,Consumer,United States,Jacksonville,North Carolina,28540,South,10.0
LS-17230,Lycoris Saunders,Consumer,United States,Dover,Delaware,19901,East,32.0
KE-16420,Katrina Edelman,Corporate,United States,Bristol,Tennessee,37620,South,36.0
DH-13675,Duane Huffman,Home Office,United States,Quincy,Massachusetts,2169,East,31.0
PF-19120,Peter Fuller,Consumer,United States,Gilbert,Arizona,85234,West,33.0
VT-21700,Valerie Takahito,Home Office,United States,Philadelphia,Pennsylvania,19143,East,34.0
MG-17695,Maureen Gnade,Consumer,United States,Buffalo,New York,14215,East,40.0
SP-20920,Susan Pistek,Consumer,United States,Los Angeles,California,90036,West,40.0
CS-12175,Charles Sheldon,Corporate,United States,Columbia,Tennessee,38401,South,38.0
DK-12895,Dana Kaydos,Consumer,United States,Kenosha,Wisconsin,53142,Central,20.0
KM-16660,Khloe Miller,Consumer,United States,,Georgia,30076,South,37.0
AA-10645,Anna Andreadi,Consumer,United States,Chester,Pennsylvania,19013,East,29.0
DD-13570,Dorothy Dickinson,Consumer,United States,Houston,Texas,77041,Central,36.0
AH-10465,Amy Hunt,Consumer,United States,New York City,New York,10035,East,44.0
TP-21565,Tracy Poddar,Corporate,United States,Aurora,Colorado,80013,West,21.0
EK-13795,Eileen Kiefer,Home Office,United States,Santa Ana,California,92704,West,34.0
CR-12820,Cyra Reiten,Home Office,United States,New York City,New York,10035,East,10.0
SG-20890,Susan Gilcrest,Corporate,United States,Mcallen,Texas,78501,Central,43.0
AH-10585,Angele Hood,Consumer,United States,Chicago,Illinois,60623,Central,87.0
NF-18475,Neil Französisch,Home Office,United States,Rockford,Illinois,61107,Central,27.0
BS-11365,Bill Shonely,Corporate,United States,New York City,New York,10011,East,35.0
SH-20635,Stefanie Holloman,Corporate,United States,Jackson,Tennessee,38301,South,
RD-19720,Roger Demir,Consumer,United States,Daytona Beach,Florida,32114,South,98.0
AG-10330,Alex Grayson,Consumer,United States,Stockton,California,95207,West,33.0
GR-14560,Georgia Rosenberg,Corporate,United States,San Francisco,California,94110,West,
VS-21820,Vivek Sundaresam,Consumer,United States,Los Angeles,California,90036,West,57.0
TM-21490,Tony Molinari,Consumer,United States,Oklahoma City,Oklahoma,73120,Central,45.0
TS-21430,Tom Stivers,Corporate,United States,Los Angeles,California,90045,West,42.0
DB-13360,Dennis Bolton,Home Office,United States,New York City,New York,10009,East,15.0
NR-18550,Nick Radford,Consumer,United States,Aurora,Illinois,60505,Central,30.0
CS-11860,Cari Schnelling,Consumer,United States,Jacksonville,North Carolina,28540,South,32.0
MF-18250,Monica Federle,Corporate,United States,Los Angeles,California,90036,West,30.0
LW-17125,Liz Willingham,Consumer,United States,Norwich,Connecticut,6360,East,100.0
AR-10345,Alex Russell,Corporate,United States,Lawrence,Massachusetts,1841,East,42.0
KS-16300,Karen Seio,Corporate,United States,Lehi,Utah,84043,West,87.0
AB-10015,Aaron Bergman,Consumer,United States,Seattle,Washington,98103,West,37.0
LR-17035,Lisa Ryan,Corporate,United States,Philadelphia,Pennsylvania,19134,East,27.0
SS-20410,Shahid Shariari,Consumer,United States,Los Angeles,California,90008,West,31.0
JM-15580,Jill Matthias,Consumer,United States,Monroe,North Carolina,28110,South,22.0
JK-15325,Jason Klamczynski,Corporate,United States,,Texas,75220,Central,48.0
DM-13525,Don Miller,Corporate,United States,Houston,Texas,77070,Central,96.0
ML-18265,Muhammed Lee,Consumer,United States,,Washington,98103,West,49.0
MH-17290,Marc Harrigan,Home Office,United States,Los Angeles,California,90036,West,41.0
FC-14245,Frank Carlisle,Home Office,United States,,Ohio,44107,East,39.0
TH-21115,Thea Hudgings,Corporate,United States,Philadelphia,Pennsylvania,19140,East,10.0
JK-16090,Juliana Krohn,Consumer,United States,Omaha,Nebraska,68104,Central,
SB-20185,Sarah Brown,Consumer,United States,Concord,New Hampshire,3301,East,41.0
BG-11035,Barry Gonzalez,Consumer,United States,Monroe,Louisiana,71203,South,22.0
BW-11065,Barry Weirich,Consumer,United States,,North Carolina,27604,South,96.0
MG-18205,Mitch Gastineau,Corporate,United States,,Florida,32216,South,87.0
DO-13645,Doug O'Connell,Consumer,United States,Los Angeles,California,90036,West,
BP-11050,Barry Pond,Corporate,United States,Cranston,Rhode Island,2920,East,
TS-21655,Trudy Schmidt,Consumer,United States,Milwaukee,Wisconsin,53209,Central,
EM-14200,Evan Minnotte,Home Office,United States,Virginia Beach,Virginia,23464,South,32.0
AO-10810,Anthony O'Donnell,Corporate,United States,Los Angeles,California,90045,West,50.0
MH-17440,Mark Haberlin,Corporate,United States,New York City,New York,10035,East,48.0
SS-20515,Shirley Schmidt,Home Office,United States,Louisville,Kentucky,40214,South,34.0
LD-16855,Lela Donovan,Corporate,United States,Chicago,Illinois,60653,Central,
VP-21760,Victoria Pisteka,Corporate,United States,San Francisco,California,94109,West,7.0
TC-21145,Theresa Coyne,Corporate,United States,Lakewood,New Jersey,8701,East,38.0
IM-15055,Ionia McGrath,Consumer,United States,Roseville,California,95661,West,
AR-10570,Anemone Ratner,Consumer,United States,Columbus,Georgia,31907,South,33.0
CM-12715,Craig Molinari,Corporate,United States,Huntsville,Texas,77340,Central,
FW-14395,Fred Wasserman,Corporate,United States,Huntsville,Alabama,35810,South,40.0
LC-16960,Lindsay Castell,Home Office,United States,Arlington,Virginia,22204,South,23.0
HE-14800,Harold Engle,Corporate,United States,Chicago,Illinois,60623,Central,
BD-11560,Brendan Dodson,Home Office,United States,Fresno,California,93727,West,25.0
HD-14785,Harold Dahlen,Home Office,United States,Philadelphia,Pennsylvania,19143,East,27.0
CJ-11875,Carl Jackson,Corporate,United States,Philadelphia,Pennsylvania,19140,East,38.0
RS-19870,Roy Skaria,Home Office,United States,Burlington,Iowa,52601,Central,100.0
SC-20845,Sung Chung,Consumer,United States,Arlington Heights,Illinois,60004,Central,34.0
RE-19405,Ricardo Emerson,Consumer,United States,Kent,Ohio,44240,East,
SM-20905,Susan MacKendrick,Consumer,United States,Newark,Ohio,43055,East,33.0
